run_id,channel,I_set,I_meas_A,B1_mean_T,B1_std_T,golden_B1_mean_T,worst_absdiff_T,worst_order,n_turns
0,H,10.0,1001.1517657860644,-0.0009713663102723433,3.472150690418803e-08,-0.0009713663102723001,8.944667923005412e-17,1,10
1,H,-10.0,1000.7048020911191,0.0008392381605794275,2.32341589320026e-08,0.0008392381605793699,8.53267109746092e-17,1,10
2,H,6.667,1000.3405609323299,-0.0006645798702229601,3.7765507875960506e-08,-0.0006645798702229,9.985502008591496e-17,1,10
3,H,-6.667,999.9647978198234,0.0005419081387307306,1.819568663192085e-08,0.0005419081387306801,8.803721640582296e-17,1,10
4,H,4.444,999.4717492765528,-0.0004630510562092601,2.0533071499353867e-08,-0.00046305105620920994,9.595189226496714e-17,1,10
5,H,-4.444,999.1085745071705,0.0003389450725126179,1.2738392904380657e-08,0.00033894507251256995,9.676504389433127e-17,1,10
6,H,2.963,998.9090618288404,-0.0003302694311457085,2.4304134267580385e-08,-0.00033026943114566,9.698188432882837e-17,1,10
7,H,-2.963,998.8672737984396,0.00020300521329844564,1.5887979905413885e-08,0.00020300521329841,9.94484442712329e-17,1,10
8,H,1.975,998.6578187110133,-0.0002415370247914747,1.361716150943256e-08,-0.00024153702479142998,9.324138683375338e-17,1,10
9,H,-1.975,998.3778375087568,0.0001122126432793377,7.75846594938966e-09,0.00011221264327927001,9.40138808816493e-17,1,10
10,H,1.317,998.2142685702162,-0.00018225303206745005,1.6077818756181902e-08,-0.00018225303206738998,9.920449878242366e-17,1,10
11,H,-1.317,998.1491579692629,5.181309958490394e-05,7.401129759903402e-09,5.181309958490387e-05,4.472333961502706e-19,1,10
12,H,0.878,998.1858222798146,-0.00014246853608009427,1.1531399846247647e-08,-0.00014246853608003998,9.901476340223869e-17,1,10
13,H,-0.878,997.9563056237548,1.1669269061558001e-05,4.790759327149024e-09,1.1669269061557993e-05,3.2166076171982055e-19,12,10
14,H,0.585,997.99100460391,-0.00011566509699497008,1.1219806979302507e-08,-0.00011566509699492001,9.61009700636839e-17,1,10
15,H,-0.585,997.9163060865831,-1.544923362983911e-05,3.402154936039948e-09,-1.54492336298391e-05,1.402898318889935e-19,12,10
16,H,0.39,997.8062983212105,-9.781547650007227e-05,4.840000403210819e-09,-9.78154765000723e-05,4.0657581468206416e-20,1,10
17,H,-0.39,997.875251858319,-3.307467151669538e-05,6.867430862138879e-09,-3.307467151669537e-05,9.486769009248164e-20,1,10
18,H,0.26,997.9923549499078,-8.636591792415309e-05,1.0933797085515585e-08,-8.636591792415309e-05,8.406802001498931e-20,12,10
19,H,-0.26,997.9275464083694,-4.438604150836625e-05,4.66731550162005e-09,-4.4386041508366255e-05,1.641126335305207e-19,12,10
20,H,0.173,997.8221875135566,-7.885969225974364e-05,7.544636412807418e-09,-7.885969225974356e-05,7.860465750519907e-19,1,10
21,H,-0.173,997.7737993806089,-5.170706348569937e-05,4.715006183982776e-09,-5.170706348569939e-05,5.149960319306146e-19,1,10
22,H,0.116,997.7437539622202,-7.405541259775436e-05,5.605088425939793e-09,-7.405541259775435e-05,7.724940478959219e-19,1,10
23,H,-0.116,997.8345325555065,-5.6411494163170134e-05,7.249638544034003e-09,-5.641149416317017e-05,3.2526065174565133e-19,1,10
24,H,0.077,997.9389987687064,-7.084338178465868e-05,1.071776753763061e-08,-7.084338178465878e-05,8.402566836762659e-19,1,10
25,H,-0.077,998.0220217496404,-5.9513902929940076e-05,7.189544885668638e-09,-5.951390292994001e-05,5.963111948670274e-19,1,10
26,H,0.051,998.028118793192,-6.879873792450588e-05,7.702905407426093e-09,-6.879873792450588e-05,3.1573153108904045e-19,12,10
27,H,-0.051,998.0391346007788,-6.152683193646714e-05,5.271319421640354e-09,-6.152683193646714e-05,2.168404344971009e-19,1,10
28,H,0.034,998.1340793443045,-6.749695432574602e-05,5.826460465608767e-09,-6.749695432574604e-05,2.675300624343504e-19,12,10
29,H,-0.034,998.0566276244278,-6.27721598830718e-05,6.723010916122294e-09,-6.27721598830718e-05,4.055170234979963e-20,12,10
30,H,0.023,998.073052738206,-6.668729279246331e-05,9.448303617936588e-09,-6.668729279246331e-05,3.083199928005653e-19,12,10
31,H,-0.023,998.0617897173395,-6.35624350381183e-05,5.597620935366434e-09,-6.356243503811828e-05,2.710505431213761e-20,1,10
32,H,0.015,998.1994246202378,-6.612485041617027e-05,5.683606530956416e-09,-6.612485041617027e-05,1.4907779871675686e-19,1,10
33,H,-0.015,997.5352815508717,-6.413342311225925e-05,8.069774640713745e-09,-6.413342311225925e-05,2.710505431213761e-20,1,10
34,H,0.01,997.9060687466894,-6.57934856464724e-05,6.230543160930909e-09,-6.579348564647232e-05,6.369687763352339e-19,1,10
35,H,-0.01,998.0665144569763,-6.44782500090181e-05,6.167309449903684e-09,-6.447825000901817e-05,5.827586677109586e-19,1,10
36,H,0.0,998.18205590746,-6.510392285802598e-05,4.989005368106728e-09,-6.510392285802598e-05,2.0328790734103208e-19,1,10
37,V,10.0,998.1267140487573,0.0009013530619774763,2.1516481377216422e-08,0.00090135306197742,9.768661574094395e-17,1,10
38,V,-10.0,998.2234793982934,-0.0009072647031276684,3.014239992008106e-08,-0.0009072647031276202,9.71445146547012e-17,1,10
39,V,6.667,998.2053260351993,0.0005972677081316368,1.9124904167617388e-08,0.0005972677081315799,9.562663161322149e-17,1,10
40,V,-6.667,998.4027458931083,-0.0006118846857398609,2.8999086015177445e-08,-0.0006118846857398099,9.93129189996722e-17,1,10
41,V,4.444,998.8323369620679,0.00039841581678603876,1.7054523552558363e-08,0.0003984158167859899,9.562663161322149e-17,1,10
42,V,-4.444,999.1514673051167,-0.0004115594966910137,2.1047268560500137e-08,-0.00041155949669097,9.383769802862041e-17,1,10
43,V,2.963,999.4559093678447,0.0002687190158438483,1.046364469063529e-08,0.00026871901584379004,9.898765834792655e-17,1,10
44,V,-2.963,999.9534831321432,-0.00027907412889749216,1.1799294498926635e-08,-0.00027907412889744,8.955509944730267e-17,1,10
45,V,1.975,1000.3729855795136,0.00018430123381300137,1.232217423972152e-08,0.00018430123381296,9.50574254726666e-17,1,10
46,V,-1.975,1000.6986612759114,-0.00019258755931013887,1.3661241946182792e-08,-0.00019258755931008,9.378348791999613e-17,1,10
47,V,1.317,1000.9287709829412,0.00013095630061166587,7.213543349564183e-09,0.00013095630061162,8.063753657860939e-17,1,10
48,V,-1.317,1001.2822404368837,-0.0001377445700215457,1.4538672849014607e-08,-0.00013774457002149003,9.394611824586896e-17,1,10
49,V,0.878,1001.6022728530667,-9.889623087979356e-05,5.338824534518851e-09,-9.889623087979356e-05,2.710505431213761e-19,1,10
50,V,-0.878,1001.7650805883735,-0.00010448773625702584,9.347336694914934e-09,-0.00010448773625698,9.078837941850493e-17,1,10
51,V,0.585,1001.8798913535408,-8.113535892437144e-05,7.211150980719757e-09,-8.113535892437147e-05,3.2526065174565133e-19,1,10
52,V,-0.585,1001.9547432388523,-8.553610096507859e-05,1.0661461059972523e-08,-8.553610096507859e-05,3.5175412513791183e-20,1,10
53,V,0.39,1002.1112278676034,-7.248588216042385e-05,7.0441585982044955e-09,-7.248588216042385e-05,1.3552527156068805e-20,1,10
54,V,-0.39,1002.0411077573893,-7.580263793433454e-05,7.556245129597533e-09,-7.580263793433453e-05,2.913398133814516e-20,1,10
55,V,0.26,1002.0192811284385,-6.877904869987066e-05,5.282671295395718e-09,-6.877904869987067e-05,1.768445975189369e-19,12,10
56,V,-0.26,1001.8296599150372,-7.111605302928686e-05,7.155758267130945e-09,-7.111605302928691e-05,6.505213034913027e-19,1,10
57,V,0.173,1001.5171038125676,-6.733123375823562e-05,5.7989150351479636e-09,-6.733123375823561e-05,2.198282108696424e-19,12,10
58,V,-0.173,1001.0457058548494,-6.890305858604197e-05,7.664890200020909e-09,-6.890305858604193e-05,4.472333961502706e-19,1,10
59,V,0.116,1000.6626854318547,-6.680618656677655e-05,4.98487869538669e-09,-6.680618656677652e-05,2.678741695691725e-19,12,10
60,V,-0.116,1000.0587176661993,-6.786707798504411e-05,9.07604698302654e-09,-6.786707798504413e-05,3.2526065174565133e-19,1,10
61,V,0.077,999.6438421858635,-6.667025386665095e-05,4.269220179070045e-09,-6.667025386665088e-05,8.538092108323347e-19,1,10
62,V,-0.077,999.356433897505,-6.734676725916837e-05,5.110054937040217e-09,-6.734676725916835e-05,2.981555974335137e-19,1,10
63,V,0.051,999.0310320739518,-6.663837772802821e-05,7.28619446451924e-09,-6.663837772802823e-05,3.7714141976497723e-19,12,10
64,V,-0.051,998.7674329557519,-6.709594158825057e-05,8.274086685720751e-09,-6.70959415882505e-05,5.55653613398821e-19,1,10
65,V,0.034,998.3542435211714,-6.667729703423454e-05,5.287653719627852e-09,-6.667729703423462e-05,7.318364664277155e-19,1,10
66,V,-0.034,998.2296366941434,-6.695806465962342e-05,7.44941314276263e-09,-6.69580646596234e-05,3.0487892145234473e-19,12,10
67,V,0.023,998.0131215186287,-6.669510713798584e-05,8.862570822227526e-09,-6.669510713798584e-05,2.771121226501647e-19,12,10
68,V,-0.023,997.9375897302409,-6.689129543154749e-05,8.095004715963526e-09,-6.689129543154749e-05,3.361794358313513e-19,12,10
69,V,0.015,997.7600296190867,-6.673254981645114e-05,7.245169207320856e-09,-6.673254981645114e-05,2.692779559483131e-20,1,10
70,V,-0.015,997.7737047136077,-6.684095303758779e-05,7.032687682270287e-09,-6.684095303758775e-05,6.776263578034403e-19,1,10
71,V,0.01,997.7361485166226,-6.674329245665238e-05,1.0532362469768174e-08,-6.674329245665253e-05,7.724940478959219e-19,1,10
72,V,-0.01,997.5865425563961,-6.68305951689513e-05,7.828056770752234e-09,-6.68305951689512e-05,7.995991022080595e-19,1,10
73,V,0.0,997.508939872582,-6.677013164675354e-05,6.556621899611414e-09,-6.677013164675349e-05,2.9455570740768294e-19,12,10
